"industry_code","year","qtr","employment","wages","avg_weekly_wage","avg_wage_per_employee"
"10",2023,1,"1749041090.23","33335817244377","1075.6738520673176813","14218.65674634854845003595"
